id,title,category,code,variant,stars,sources,notes,owned,wanted
,Conan (NO) 1984 #01,confirmed,1984-01,Hovedhefte (NO) – Marvel-merket,3,Manuell verifisering,"Forside merket 'Et Marvel-blad' – Årgang 1984",false,false
,Conan (NO) 1984 #02,confirmed,1984-02,Hovedhefte (NO) – Marvel-merket,3,Manuell verifisering,"Forside merket 'Et Marvel-blad' – Årgang 1984",false,false

,Conan (NO) 1985 #01,confirmed,1985-01,Hovedhefte (NO) – Marvel-merket,3,Manuell verifisering,"Forside merket 'Et Marvel-blad' – Årgang 1985",false,false
,Conan (NO) 1985 #02,confirmed,1985-02,Hovedhefte (NO) – Marvel-merket,3,Manuell verifisering,"Forside merket 'Et Marvel-blad' – Årgang 1985",false,false
,Conan (NO) 1985 #03,confirmed,1985-03,Hovedhefte (NO) – Marvel-merket,3,Manuell verifisering,"Forside merket 'Et Marvel-blad' – Årgang 1985",false,false
,Conan (NO) 1985 #04,confirmed,1985-04,Hovedhefte (NO) – Marvel-merket,3,Manuell verifisering,"Forside merket 'Et Marvel-blad' – Årgang 1985",false,false
,Conan (NO) 1985 #05,confirmed,1985-05,Hovedhefte (NO) – Marvel-merket,3,Manuell verifisering,"Forside merket 'Et Marvel-blad' – Årgang 1985",false,false
,Conan (NO) 1985 #06,confirmed,1985-06,Hovedhefte (NO) – Marvel-merket,3,Manuell verifisering,"Forside merket 'Et Marvel-blad' – Årgang 1985",false,false
,Conan (NO) 1985 #07,confirmed,1985-07,Hovedhefte (NO) – Marvel-merket,3,Manuell verifisering,"Forside merket 'Et Marvel-blad' – Årgang 1985",false,false
,Conan (NO) 1985 #08,confirmed,1985-08,Hovedhefte (NO) – Marvel-merket,3,Manuell verifisering,"Forside merket 'Et Marvel-blad' – Årgang 1985",false,false
,Conan (NO) 1985 #09,confirmed,1985-09,Hovedhefte (NO) – Marvel-merket,3,Manuell verifisering,"Forside merket 'Et Marvel-blad' – Årgang 1985",false,false
,Conan (NO) 1985 #10,confirmed,1985-10,Hovedhefte (NO) – Marvel-merket,3,Manuell verifisering,"Forside merket 'Et Marvel-blad' – Årgang 1985",false,false

,Conan (NO) 1990 #01,confirmed,1990-01,Hovedhefte (NO),3,Manuell verifisering,Årgang 1990,false,false
,Conan (NO) 1990 #02,confirmed,1990-02,Hovedhefte (NO),3,Manuell verifisering,Årgang 1990,false,false
,Conan (NO) 1990 #03,confirmed,1990-03,Hovedhefte (NO),3,Manuell verifisering,Årgang 1990,false,false
,Conan (NO) 1990 #04,confirmed,1990-04,Hovedhefte (NO),3,Manuell verifisering,Årgang 1990,false,false

,Conan (NO) 1991 #01,confirmed,1991-01,Hovedhefte (NO),3,Manuell verifisering,Årgang 1991,false,false
,Conan (NO) 1991 #02,confirmed,1991-02,Hovedhefte (NO),3,Manuell verifisering,Årgang 1991,false,false
,Conan (NO) 1991 #03,confirmed,1991-03,Hovedhefte (NO),3,Manuell verifisering,Årgang 1991,false,false
,Conan (NO) 1991 #04,confirmed,1991-04,Hovedhefte (NO),3,Manuell verifisering,Årgang 1991,false,false
,Conan (NO) 1991 #05,confirmed,1991-05,Hovedhefte (NO),3,Manuell verifisering,Årgang 1991,false,false
,Conan (NO) 1991 #06,confirmed,1991-06,Hovedhefte (NO),3,Manuell verifisering,Årgang 1991,false,false
,Conan (NO) 1991 #07,confirmed,1991-07,Hovedhefte (NO),3,Manuell verifisering,Årgang 1991,false,false
,Conan (NO) 1991 #08,confirmed,1991-08,Hovedhefte (NO),3,Manuell verifisering,Årgang 1991,false,false
,Conan (NO) 1991 #09,confirmed,1991-09,Hovedhefte (NO),3,Manuell verifisering,Årgang 1991,false,false
,Conan (NO) 1991 #10,confirmed,1991-10,Hovedhefte (NO),3,Manuell verifisering,Årgang 1991,false,false
,Conan (NO) 1991 #11,confirmed,1991-11,Hovedhefte (NO),3,Manuell verifisering,Årgang 1991,false,false
,Conan (NO) 1991 #12,confirmed,1991-12,Hovedhefte (NO),3,Manuell verifisering,Årgang 1991,false,false

,Conan (NO) 1992 #01,confirmed,1992-01,Hovedhefte (NO),3,Manuell verifisering,Årgang 1992,false,false
,Conan (NO) 1992 #02,confirmed,1992-02,Hovedhefte (NO),3,Manuell verifisering,Årgang 1992,false,false
,Conan (NO) 1992 #03,confirmed,1992-03,Hovedhefte (NO),3,Manuell verifisering,Årgang 1992,false,false
,Conan (NO) 1992 #04,confirmed,1992-04,Hovedhefte (NO),3,Manuell verifisering,Årgang 1992,false,false
,Conan (NO) 1992 #05,confirmed,1992-05,Hovedhefte (NO),3,Manuell verifisering,Årgang 1992,false,false
,Conan (NO) 1992 #06,confirmed,1992-06,Hovedhefte (NO),3,Manuell verifisering,Årgang 1992,false,false
,Conan (NO) 1992 #07,confirmed,1992-07,Hovedhefte (NO),3,Manuell verifisering,Årgang 1992,false,false
,Conan (NO) 1992 #08,confirmed,1992-08,Hovedhefte (NO),3,Manuell verifisering,Årgang 1992,false,false
,Conan (NO) 1992 #09,confirmed,1992-09,Hovedhefte (NO),3,Manuell verifisering,Årgang 1992,false,false
,Conan (NO) 1992 #10,confirmed,1992-10,Hovedhefte (NO),3,Manuell verifisering,Årgang 1992,false,false
,Conan (NO) 1992 #11,confirmed,1992-11,Hovedhefte (NO),3,Manuell verifisering,Årgang 1992,false,false
,Conan (NO) 1992 #12,confirmed,1992-12,Hovedhefte (NO),3,Manuell verifisering,Årgang 1992,false,false

,Conan (NO) 1993 #01,confirmed,1993-01,Hovedhefte (NO),3,Manuell verifisering,Årgang 1993,false,false
,Conan (NO) 1993 #02,confirmed,1993-02,Hovedhefte (NO),3,Manuell verifisering,Årgang 1993,false,false
,Conan (NO) 1993 #03,confirmed,1993-03,Hovedhefte (NO),3,Manuell verifisering,Årgang 1993,false,false
,Conan (NO) 1993 #04,confirmed,1993-04,Hovedhefte (NO),3,Manuell verifisering,Årgang 1993,false,false
,Conan (NO) 1993 #05,confirmed,1993-05,Hovedhefte (NO),3,Manuell verifisering,Årgang 1993,false,false
,Conan (NO) 1993 #06,confirmed,1993-06,Hovedhefte (NO),3,Manuell verifisering,Årgang 1993,false,false
,Conan (NO) 1993 #07,confirmed,1993-07,Hovedhefte (NO),3,Manuell verifisering,Årgang 1993,false,false
,Conan (NO) 1993 #08,confirmed,1993-08,Hovedhefte (NO),3,Manuell verifisering,Årgang 1993,false,false
,Conan (NO) 1993 #09,confirmed,1993-09,Hovedhefte (NO),3,Manuell verifisering,Årgang 1993,false,false
,Conan (NO) 1993 #10,confirmed,1993-10,Hovedhefte (NO),3,Manuell verifisering,Årgang 1993,false,false
,Conan (NO) 1993 #11,confirmed,1993-11,Hovedhefte (NO),3,Manuell verifisering,Årgang 1993,false,false
,Conan (NO) 1993 #12,confirmed,1993-12,Hovedhefte (NO),3,Manuell verifisering,Årgang 1993,false,false

,Conan (NO) 1994 #01,confirmed,1994-01,Hovedhefte (NO),3,Manuell verifisering,Årgang 1994,false,false
,Conan (NO) 1994 #02,confirmed,1994-02,Hovedhefte (NO),3,Manuell verifisering,Årgang 1994,false,false
,Conan (NO) 1994 #03,confirmed,1994-03,Hovedhefte (NO),3,Manuell verifisering,Årgang 1994,false,false
,Conan (NO) 1994 #04,confirmed,1994-04,Hovedhefte (NO),3,Manuell verifisering,Årgang 1994,false,false
,Conan (NO) 1994 #05,confirmed,1994-05,Hovedhefte (NO),3,Manuell verifisering,Årgang 1994,false,false
,Conan (NO) 1994 #06,confirmed,1994-06,Hovedhefte (NO),3,Manuell verifisering,Årgang 1994,false,false
,Conan (NO) 1994 #07,confirmed,1994-07,Hovedhefte (NO),3,Manuell verifisering,Årgang 1994,false,false
,Conan (NO) 1994 #08,confirmed,1994-08,Hovedhefte (NO),3,Manuell verifisering,Årgang 1994,false,false
,Conan (NO) 1994 #09,confirmed,1994-09,Hovedhefte (NO),3,Manuell verifisering,Årgang 1994,false,false
,Conan (NO) 1994 #10,confirmed,1994-10,Hovedhefte (NO),3,Manuell verifisering,Årgang 1994,false,false
,Conan (NO) 1994 #11,confirmed,1994-11,Hovedhefte (NO),3,Manuell verifisering,Årgang 1994,false,false
,Conan (NO) 1994 #12,confirmed,1994-12,Hovedhefte (NO),3,Manuell verifisering,Årgang 1994,false,false
,Conan (NO) 1994 #13,confirmed,1994-13,Hovedhefte (NO),3,Manuell verifisering,Årgang 1994,false,false

,Conan (NO) 1995 #01,confirmed,1995-01,Hovedhefte (NO),3,Manuell verifisering,Årgang 1995,false,false
,Conan (NO) 1995 #02,confirmed,1995-02,Hovedhefte (NO),3,Manuell verifisering,Årgang 1995,false,false
,Conan (NO) 1995 #03,confirmed,1995-03,Hovedhefte (NO),3,Manuell verifisering,Årgang 1995,false,false
,Conan (NO) 1995 #04,confirmed,1995-04,Hovedhefte (NO),3,Manuell verifisering,Årgang 1995,false,false
,Conan (NO) 1995 #05,confirmed,1995-05,Hovedhefte (NO),3,Manuell verifisering,Årgang 1995,false,false
,Conan (NO) 1995 #06,confirmed,1995-06,Hovedhefte (NO),3,Manuell verifisering,Årgang 1995,false,false
,Conan (NO) 1995 #07,confirmed,1995-07,Hovedhefte (NO),3,Manuell verifisering,Årgang 1995,false,false
,Conan (NO) 1995 #08,confirmed,1995-08,Hovedhefte (NO),3,Manuell verifisering,Årgang 1995,false,false
,Conan (NO) 1995 #09,confirmed,1995-09,Hovedhefte (NO),3,Manuell verifisering,Årgang 1995,false,false
,Conan (NO) 1995 #10,confirmed,1995-10,Hovedhefte (NO),3,Manuell verifisering,Årgang 1995,false,false
,Conan (NO) 1995 #11,confirmed,1995-11,Hovedhefte (NO),3,Manuell verifisering,Årgang 1995,false,false
,Conan (NO) 1995 #12,confirmed,1995-12,Hovedhefte (NO),3,Manuell verifisering,Årgang 1995,false,false
,Conan (NO) 1995 #13,confirmed,1995-13,Hovedhefte (NO),3,Manuell verifisering,Årgang 1995,false,false

,Conan (NO) 1996 #01,confirmed,1996-01,Hovedhefte (NO),3,Manuell verifisering,Årgang 1996,false,false
,Conan (NO) 1996 #02,confirmed,1996-02,Hovedhefte (NO),3,Manuell verifisering,Årgang 1996,false,false
,Conan (NO) 1996 #03,confirmed,1996-03,Hovedhefte (NO),3,Manuell verifisering,Årgang 1996,false,false
,Conan (NO) 1996 #04,confirmed,1996-04,Hovedhefte (NO),3,Manuell verifisering,Årgang 1996,false,false
,Conan (NO) 1996 #05,confirmed,1996-05,Hovedhefte (NO),3,Manuell verifisering,Årgang 1996,false,false
,Conan (NO) 1996 #06,confirmed,1996-06,Hovedhefte (NO),3,Manuell verifisering,Årgang 1996,false,false
,Conan (NO) 1996 #07,confirmed,1996-07,Hovedhefte (NO),3,Manuell verifisering,Årgang 1996,false,false
,Conan (NO) 1996 #08,confirmed,1996-08,Hovedhefte (NO),3,Manuell verifisering,Årgang 1996,false,false
,Conan (NO) 1996 #09,confirmed,1996-09,Hovedhefte (NO),3,Manuell verifisering,Årgang 1996,false,false
,Conan (NO) 1996 #10,confirmed,1996-10,Hovedhefte (NO),3,Manuell verifisering,Årgang 1996,false,false
,Conan (NO) 1996 #11,confirmed,1996-11,Hovedhefte (NO),3,Manuell verifisering,Årgang 1996,false,false
,Conan (NO) 1996 #12,confirmed,1996-12,Hovedhefte (NO),3,Manuell verifisering,Årgang 1996,false,false
,Conan (NO) 1996 #13,confirmed,1996-13,Hovedhefte (NO),3,Manuell verifisering,Årgang 1996,false,false

,Conan (NO) 1997 #01,confirmed,1997-01,Hovedhefte (NO),3,Manuell verifisering,Årgang 1997,false,false
,Conan (NO) 1997 #02,confirmed,1997-02,Hovedhefte (NO),3,Manuell verifisering,Årgang 1997,false,false
,Conan (NO) 1997 #03,confirmed,1997-03,Hovedhefte (NO),3,Manuell verifisering,Årgang 1997,false,false
,Conan (NO) 1997 #04,confirmed,1997-04,Hovedhefte (NO),3,Manuell verifisering,Årgang 1997,false,false
,Conan (NO) 1997 #05,confirmed,1997-05,Hovedhefte (NO),3,Manuell verifisering,Årgang 1997,false,false
,Conan (NO) 1997 #06,confirmed,1997-06,Hovedhefte (NO),3,Manuell verifisering,Årgang 1997,false,false
,Conan (NO) 1997 #07,confirmed,1997-07,Hovedhefte (NO),3,Manuell verifisering,Årgang 1997,false,false
,Conan (NO) 1997 #08,confirmed,1997-08,Hovedhefte (NO),3,Manuell verifisering,Årgang 1997,false,false
,Conan (NO) 1997 #09,confirmed,1997-09,Hovedhefte (NO),3,Manuell verifisering,Årgang 1997,false,false
,Conan (NO) 1997 #10,confirmed,1997-10,Hovedhefte (NO),3,Manuell verifisering,Årgang 1997,false,false
,Conan (NO) 1997 #11,confirmed,1997-11,Hovedhefte (NO),3,Manuell verifisering,Årgang 1997,false,false
,Conan (NO) 1997 #12,confirmed,1997-12,Hovedhefte (NO),3,Manuell verifisering,Årgang 1997,false,false
,Conan (NO) 1997 #13,confirmed,1997-13,Hovedhefte (NO),3,Manuell verifisering,Årgang 1997,false,false

,Conan (NO) 1998 #01,confirmed,1998-01,Hovedhefte (NO),3,Manuell verifisering,Årgang 1998,false,false
,Conan (NO) 1998 #02,confirmed,1998-02,Hovedhefte (NO),3,Manuell verifisering,Årgang 1998,false,false
,Conan (NO) 1998 #03,confirmed,1998-03,Hovedhefte (NO),3,Manuell verifisering,Årgang 1998,false,false
,Conan (NO) 1998 #04,confirmed,1998-04,Hovedhefte (NO),3,Manuell verifisering,Årgang 1998,false,false
,Conan (NO) 1998 #05,confirmed,1998-05,Hovedhefte (NO),3,Manuell verifisering,Årgang 1998,false,false
,Conan (NO) 1998 #06,confirmed,1998-06,Hovedhefte (NO),3,Manuell verifisering,Årgang 1998,false,false
,Conan (NO) 1998 #07,confirmed,1998-07,Hovedhefte (NO),3,Manuell verifisering,Årgang 1998,false,false
,Conan (NO) 1998 #08,confirmed,1998-08,Hovedhefte (NO),3,Manuell verifisering,Årgang 1998,false,false
,Conan (NO) 1998 #09,confirmed,1998-09,Hovedhefte (NO),3,Manuell verifisering,Årgang 1998,false,false
,Conan (NO) 1998 #10,confirmed,1998-10,Hovedhefte (NO),3,Manuell verifisering,Årgang 1998,false,false
,Conan (NO) 1998 #11,confirmed,1998-11,Hovedhefte (NO),3,Manuell verifisering,Årgang 1998,false,false
,Conan (NO) 1998 #12,confirmed,1998-12,Hovedhefte (NO),3,Manuell verifisering,Årgang 1998,false,false
,Conan (NO) 1998 #13,confirmed,1998-13,Hovedhefte (NO),3,Manuell verifisering,Årgang 1998,false,false

,Conan (NO) 1999 #01,confirmed,1999-01,Hovedhefte (NO),3,Manuell verifisering,Årgang 1999,false,false
,Conan (NO) 1999 #02,confirmed,1999-02,Hovedhefte (NO),3,Manuell verifisering,Årgang 1999,false,false
,Conan (NO) 1999 #03,confirmed,1999-03,Hovedhefte (NO),3,Manuell verifisering,Årgang 1999,false,false
,Conan (NO) 1999 #04,confirmed,1999-04,Hovedhefte (NO),3,Manuell verifisering,Årgang 1999,false,false
,Conan (NO) 1999 #05,confirmed,1999-05,Hovedhefte (NO),3,Manuell verifisering,Årgang 1999,false,false
,Conan (NO) 1999 #06,confirmed,1999-06,Hovedhefte (NO),3,Manuell verifisering,Årgang 1999,false,false
,Conan (NO) 1999 #07,confirmed,1999-07,Hovedhefte (NO),3,Manuell verifisering,Årgang 1999,false,false
,Conan (NO) 1999 #08,confirmed,1999-08,Hovedhefte (NO),3,Manuell verifisering,Årgang 1999,false,false
,Conan (NO) 1999 #09,confirmed,1999-09,Hovedhefte (NO),3,Manuell verifisering,Årgang 1999,false,false
,Conan (NO) 1999 #10,confirmed,1999-10,Hovedhefte (NO),3,Manuell verifisering,Årgang 1999,false,false
,Conan (NO) 1999 #11,confirmed,1999-11,Hovedhefte (NO),3,Manuell verifisering,Årgang 1999,false,false
,Conan (NO) 1999 #12,confirmed,1999-12,Hovedhefte (NO),3,Manuell verifisering,Årgang 1999,false,false
,Conan (NO) 1999 #13,confirmed,1999-13,Hovedhefte (NO),3,Manuell verifisering,Årgang 1999,false,false

,Conan (NO) 2000 #01,confirmed,2000-01,Hovedhefte (NO),3,Manuell verifisering,Årgang 2000,false,false
,Conan (NO) 2000 #02,confirmed,2000-02,Hovedhefte (NO),3,Manuell verifisering,Årgang 2000,false,false
,Conan (NO) 2000 #03,confirmed,2000-03,Hovedhefte (NO),3,Manuell verifisering,Årgang 2000,false,false
,Conan (NO) 2000 #04,confirmed,2000-04,Hovedhefte (NO),3,Manuell verifisering,Årgang 2000,false,false
,Conan (NO) 2000 #05,confirmed,2000-05,Hovedhefte (NO),3,Manuell verifisering,Årgang 2000,false,false
,Conan (NO) 2000 #06,confirmed,2000-06,Hovedhefte (NO),3,Manuell verifisering,Årgang 2000,false,false
,Conan (NO) 2000 #07,confirmed,2000-07,Hovedhefte (NO),3,Manuell verifisering,Årgang 2000,false,false
,Conan (NO) 2000 #08,confirmed,2000-08,Hovedhefte (NO),3,Manuell verifisering,Årgang 2000,false,false
,Conan (NO) 2000 #09,confirmed,2000-09,Hovedhefte (NO),3,Manuell verifisering,Årgang 2000,false,false
,Conan (NO) 2000 #10,confirmed,2000-10,Hovedhefte (NO),3,Manuell verifisering,Årgang 2000,false,false
,Conan (NO) 2000 #11,confirmed,2000-11,Hovedhefte (NO),3,Manuell verifisering,Årgang 2000,false,false
,Conan (NO) 2000 #12,confirmed,2000-12,Hovedhefte (NO),3,Manuell verifisering,Årgang 2000,false,false
,Conan (NO) 2000 #13,confirmed,2000-13,Hovedhefte (NO),3,Manuell verifisering,Årgang 2000,false,false

,Conan (NO) 2001 #01,confirmed,2001-01,Hovedhefte (NO),3,Manuell verifisering,Årgang 2001,false,false
,Conan (NO) 2001 #02,confirmed,2001-02,Hovedhefte (NO),3,Manuell verifisering,Årgang 2001,false,false
,Conan (NO) 2001 #03,confirmed,2001-03,Hovedhefte (NO),3,Manuell verifisering,Årgang 2001,false,false
,Conan (NO) 2001 #04,confirmed,2001-04,Hovedhefte (NO),3,Manuell verifisering,Årgang 2001,false,false
,Conan (NO) 2001 #05,confirmed,2001-05,Hovedhefte (NO),3,Manuell verifisering,Årgang 2001,false,false
,Conan (NO) 2001 #06,confirmed,2001-06,Hovedhefte (NO),3,Manuell verifisering,Årgang 2001,false,false
,Conan (NO) 2001 #07,confirmed,2001-07,Hovedhefte (NO),3,Manuell verifisering,Årgang 2001,false,false
,Conan (NO) 2001 #08,confirmed,2001-08,Hovedhefte (NO),3,Manuell verifisering,Årgang 2001,false,false
,Conan (NO) 2001 #09,confirmed,2001-09,Hovedhefte (NO),3,Manuell verifisering,Årgang 2001,false,false
,Conan (NO) 2001 #10,confirmed,2001-10,Hovedhefte (NO),3,Manuell verifisering,Årgang 2001,false,false
,Conan (NO) 2001 #11,confirmed,2001-11,Hovedhefte (NO),3,Manuell verifisering,Årgang 2001,false,false
,Conan (NO) 2001 #12,confirmed,2001-12,Hovedhefte (NO),3,Manuell verifisering,Årgang 2001,false,false
,Conan (NO) 2001 #13,confirmed,2001-13,Hovedhefte (NO),3,Manuell verifisering,Årgang 2001,false,false

,Conan (NO) 2002 #01,confirmed,2002-01,Hovedhefte (NO),3,Manuell verifisering,Årgang 2002,false,false
,Conan (NO) 2002 #02,confirmed,2002-02,Hovedhefte (NO),3,Manuell verifisering,Årgang 2002,false,false
,Conan (NO) 2002 #03,confirmed,2002-03,Hovedhefte (NO),3,Manuell verifisering,Årgang 2002,false,false
,Conan (NO) 2002 #04,confirmed,2002-04,Hovedhefte (NO),3,Manuell verifisering,Årgang 2002,false,false
,Conan (NO) 2002 #05,confirmed,2002-05,Hovedhefte (NO),3,Manuell verifisering,Årgang 2002,false,false
,Conan (NO) 2002 #06,confirmed,2002-06,Hovedhefte (NO),3,Manuell verifisering,Årgang 2002,false,false
,Conan (NO) 2002 #07,confirmed,2002-07,Hovedhefte (NO),3,Manuell verifisering,Årgang 2002,false,false
,Conan (NO) 2002 #08,confirmed,2002-08,Hovedhefte (NO),3,Manuell verifisering,Årgang 2002,false,false
,Conan (NO) 2002 #09,confirmed,2002-09,Hovedhefte (NO),3,Manuell verifisering,Årgang 2002,false,false
,Conan (NO) 2002 #10,confirmed,2002-10,Hovedhefte (NO),3,Manuell verifisering,Årgang 2002,false,false
,Conan (NO) 2002 #11,confirmed,2002-11,Hovedhefte (NO),3,Manuell verifisering,Årgang 2002,false,false
,Conan (NO) 2002 #12,confirmed,2002-12,Hovedhefte (NO),3,Manuell verifisering,Årgang 2002,false,false
,Conan (NO) 2002 #13,confirmed,2002-13,Hovedhefte (NO),3,Manuell verifisering,Årgang 2002,false,false

,Conan (NO) 2003 #01,confirmed,2003-01,Hovedhefte (NO),3,Manuell verifisering,Årgang 2003,false,false
,Conan (NO) 2003 #02,confirmed,2003-02,Hovedhefte (NO),3,Manuell verifisering,Årgang 2003,false,false
,Conan (NO) 2003 #03,confirmed,2003-03,Hovedhefte (NO),3,Manuell verifisering,Årgang 2003,false,false
,Conan (NO) 2003 #04,confirmed,2003-04,Hovedhefte (NO),3,Manuell verifisering,Årgang 2003,false,false
,Conan (NO) 2003 #05,confirmed,2003-05,Hovedhefte (NO),3,Manuell verifisering,Årgang 2003,false,false
,Conan (NO) 2003 #06,confirmed,2003-06,Hovedhefte (NO),3,Manuell verifisering,Årgang 2003,false,false
,Conan (NO) 2003 #07,confirmed,2003-07,Hovedhefte (NO),3,Manuell verifisering,Årgang 2003,false,false
,Conan (NO) 2003 #08,confirmed,2003-08,Hovedhefte (NO),3,Manuell verifisering,Årgang 2003,false,false
,Conan (NO) 2003 #09,confirmed,2003-09,Hovedhefte (NO),3,Manuell verifisering,Årgang 2003,false,false
,Conan (NO) 2003 #10,confirmed,2003-10,Hovedhefte (NO),3,Manuell verifisering,Årgang 2003,false,false
,Conan (NO) 2003 #11,confirmed,2003-11,Hovedhefte (NO),3,Manuell verifisering,Årgang 2003,false,false
,Conan (NO) 2003 #12,confirmed,2003-12,Hovedhefte (NO),3,Manuell verifisering,Årgang 2003,false,false
,Conan (NO) 2003 #13,confirmed,2003-13,Hovedhefte (NO),3,Manuell verifisering,Årgang 2003,false,false

,Conan (NO) 2004 #01,confirmed,2004-01,Hovedhefte (NO),3,Manuell verifisering,Årgang 2004,false,false
,Conan (NO) 2004 #02,confirmed,2004-02,Hovedhefte (NO),3,Manuell verifisering,Årgang 2004,false,false
,Conan (NO) 2004 #03,confirmed,2004-03,Hovedhefte (NO),3,Manuell verifisering,Årgang 2004,false,false
,Conan (NO) 2004 #04,confirmed,2004-04,Hovedhefte (NO),3,Manuell verifisering,Årgang 2004,false,false
,Conan (NO) 2004 #05,confirmed,2004-05,Hovedhefte (NO),3,Manuell verifisering,Årgang 2004,false,false
,Conan (NO) 2004 #06,confirmed,2004-06,Hovedhefte (NO),3,Manuell verifisering,Årgang 2004,false,false
,Conan (NO) 2004 #07,confirmed,2004-07,Hovedhefte (NO),3,Manuell verifisering,Årgang 2004,false,false
,Conan (NO) 2004 #08,confirmed,2004-08,Hovedhefte (NO),3,Manuell verifisering,Årgang 2004,false,false
,Conan (NO) 2004 #09,confirmed,2004-09,Hovedhefte (NO),3,Manuell verifisering,Årgang 2004,false,false
,Conan (NO) 2004 #10,confirmed,2004-10,Hovedhefte (NO),3,Manuell verifisering,Årgang 2004,false,false
,Conan (NO) 2004 #11,confirmed,2004-11,Hovedhefte (NO),3,Manuell verifisering,Årgang 2004,false,false
,Conan (NO) 2004 #12,confirmed,2004-12,Hovedhefte (NO),3,Manuell verifisering,Årgang 2004,false,false

,Conan (NO) 2005 #01,confirmed,2005-01,Hovedhefte (NO),3,Manuell verifisering,Årgang 2005,false,false
,Conan (NO) 2005 #02,confirmed,2005-02,Hovedhefte (NO),3,Manuell verifisering,Årgang 2005,false,false
,Conan (NO) 2005 #03,confirmed,2005-03,Hovedhefte (NO),3,Manuell verifisering,Årgang 2005,false,false
,Conan (NO) 2005 #04,confirmed,2005-04,Hovedhefte (NO),3,Manuell verifisering,Årgang 2005,false,false
,Conan (NO) 2005 #05,confirmed,2005-05,Hovedhefte (NO),3,Manuell verifisering,Årgang 2005,false,false
,Conan (NO) 2005 #06,confirmed,2005-06,Hovedhefte (NO),3,Manuell verifisering,Årgang 2005,false,false
,Conan (NO) 2005 #07,confirmed,2005-07,Hovedhefte (NO),3,Manuell verifisering,Årgang 2005,false,false
,Conan (NO) 2005 #08,confirmed,2005-08,Hovedhefte (NO),3,Manuell verifisering,Årgang 2005,false,false
,Conan (NO) 2005 #09,confirmed,2005-09,Hovedhefte (NO),3,Manuell verifisering,Årgang 2005,false,false
,Conan (NO) 2005 #10,confirmed,2005-10,Hovedhefte (NO),3,Manuell verifisering,Årgang 2005,false,false
,Conan (NO) 2005 #11,confirmed,2005-11,Hovedhefte (NO),3,Manuell verifisering,Årgang 2005,false,false
,Conan (NO) 2005 #12,confirmed,2005-12,Hovedhefte (NO),3,Manuell verifisering,Årgang 2005,false,false
,Conan (NO) 2005 #13,confirmed,2005-13,Hovedhefte (NO),3,Manuell verifisering,Årgang 2005,false,false

,Conan (NO) 2006 #01,confirmed,2006-01,Hovedhefte (NO),3,Manuell verifisering,Årgang 2006,false,false
,Conan (NO) 2006 #02,confirmed,2006-02,Hovedhefte (NO),3,Manuell verifisering,Årgang 2006,false,false
,Conan (NO) 2006 #03,confirmed,2006-03,Hovedhefte (NO),3,Manuell verifisering,Årgang 2006,false,false
,Conan (NO) 2006 #04,confirmed,2006-04,Hovedhefte (NO),3,Manuell verifisering,Årgang 2006,false,false
,Conan (NO) 2006 #05,confirmed,2006-05,Hovedhefte (NO),3,Manuell verifisering,Årgang 2006,false,false
,Conan (NO) 2006 #06,confirmed,2006-06,Hovedhefte (NO),3,Manuell verifisering,Årgang 2006,false,false

,Conan (NO) 2007 #01,confirmed,2007-01,Hovedhefte (NO),3,Manuell verifisering,Årgang 2007,false,false
,Conan (NO) 2007 #02,confirmed,2007-02,Hovedhefte (NO),3,Manuell verifisering,Årgang 2007,false,false
,Conan (NO) 2007 #03,confirmed,2007-03,Hovedhefte (NO),3,Manuell verifisering,Årgang 2007,false,false
,Conan (NO) 2007 #04,confirmed,2007-04,Hovedhefte (NO),3,Manuell verifisering,Årgang 2007,false,false
,Conan (NO) 2007 #05,confirmed,2007-05,Hovedhefte (NO),3,Manuell verifisering,Årgang 2007,false,false
,Conan (NO) 2007 #06,confirmed,2007-06,Hovedhefte (NO),3,Manuell verifisering,Årgang 2007,false,false

,Conan (NO) 2008 #01,confirmed,2008-01,Hovedhefte (NO),3,Manuell verifisering,Årgang 2008,false,false
,Conan (NO) 2008 #02,confirmed,2008-02,Hovedhefte (NO),3,Manuell verifisering,Årgang 2008,false,false
,Conan (NO) 2008 #03,confirmed,2008-03,Hovedhefte (NO),3,Manuell verifisering,Årgang 2008,false,false
,Conan (NO) 2008 #04,confirmed,2008-04,Hovedhefte (NO),3,Manuell verifisering,Årgang 2008,false,false
,Conan (NO) 2008 #05,confirmed,2008-05,Hovedhefte (NO),3,Manuell verifisering,Årgang 2008,false,false
,Conan (NO) 2008 #06,confirmed,2008-06,Hovedhefte (NO),3,Manuell verifisering,Årgang 2008,false,false

,Conan (NO) 2009 #01,confirmed,2009-01,Hovedhefte (NO),3,Manuell verifisering,Årgang 2009,false,false
,Conan (NO) 2009 #02,confirmed,2009-02,Hovedhefte (NO),3,Manuell verifisering,Årgang 2009,false,false
,Conan (NO) 2009 #03,confirmed,2009-03,Hovedhefte (NO),3,Manuell verifisering,Årgang 2009,false,false
,Conan (NO) 2009 #04,confirmed,2009-04,Hovedhefte (NO),3,Manuell verifisering,Årgang 2009,false,false
,Conan (NO) 2009 #05,confirmed,2009-05,Hovedhefte (NO),3,Manuell verifisering,Årgang 2009,false,false
,Conan (NO) 2009 #06,confirmed,2009-06,Hovedhefte (NO),3,Manuell verifisering,Årgang 2009,false,false

,Conan (NO) 2010 #01,confirmed,2010-01,Hovedhefte (NO),3,Manuell verifisering,Årgang 2010,false,false
,Conan (NO) 2010 #02,confirmed,2010-02,Hovedhefte (NO),3,Manuell verifisering,Årgang 2010,false,false
,Conan (NO) 2010 #03,confirmed,2010-03,Hovedhefte (NO),3,Manuell verifisering,Årgang 2010,false,false
,Conan (NO) 2010 #04,confirmed,2010-04,Hovedhefte (NO),3,Manuell verifisering,Årgang 2010,false,false
,Conan (NO) 2010 #05,confirmed,2010-05,Hovedhefte (NO),3,Manuell verifisering,Årgang 2010,false,false
,Conan (NO) 2010 #06,confirmed,2010-06,Hovedhefte (NO),3,Manuell verifisering,Årgang 2010,false,false

,Conan (NO) 2011 #01,confirmed,2011-01,Hovedhefte (NO),3,Manuell verifisering,Årgang 2011,false,false
,Conan (NO) 2011 #02,confirmed,2011-02,Hovedhefte (NO),3,Manuell verifisering,Årgang 2011,false,false
,Conan (NO) 2011 #03,confirmed,2011-03,Hovedhefte (NO),3,Manuell verifisering,Årgang 2011,false,false
,Conan (NO) 2011 #04,confirmed,2011-04,Hovedhefte (NO),3,Manuell verifisering,Årgang 2011,false,false
,Conan (NO) 2011 #05,confirmed,2011-05,Hovedhefte (NO),3,Manuell verifisering,Årgang 2011,false,false
,Conan (NO) 2011 #06,confirmed,2011-06,Hovedhefte (NO),3,Manuell verifisering,Årgang 2011,false,false

,Conan (NO) 2012 #01,confirmed,2012-01,Hovedhefte (NO),3,Manuell verifisering,Årgang 2012,false,false
,Conan (NO) 2012 #02,confirmed,2012-02,Hovedhefte (NO),3,Manuell verifisering,Årgang 2012,false,false
,Conan (NO) 2012 #03,confirmed,2012-03,Hovedhefte (NO),3,Manuell verifisering,Årgang 2012,false,false
,Conan (NO) 2012 #04,confirmed,2012-04,Hovedhefte (NO),3,Manuell verifisering,Årgang 2012,false,false
,Conan (NO) 2012 #05,confirmed,2012-05,Hovedhefte (NO),3,Manuell verifisering,Årgang 2012,false,false

,Conan Album (NO) #01,confirmed,Album-01,Album (NO),4,Manuell registrering,Albumserie (1992–2012) – år ikke spesifisert,false,false
,Conan Album (NO) #02,confirmed,Album-02,Album (NO),4,Manuell registrering,Albumserie (1992–2012) – år ikke spesifisert,false,false
,Conan Album (NO) #03,confirmed,Album-03,Album (NO),4,Manuell registrering,Albumserie (1992–2012) – år ikke spesifisert,false,false
,Conan Album (NO) #04,confirmed,Album-04,Album (NO),4,Manuell registrering,Albumserie (1992–2012) – år ikke spesifisert,false,false
,Conan Album (NO) #05,confirmed,Album-05,Album (NO),4,Manuell registrering,Albumserie (1992–2012) – år ikke spesifisert,false,false
,Conan Album (NO) #06,confirmed,Album-06,Album (NO),4,Manuell registrering,Albumserie (1992–2012) – år ikke spesifisert,false,false
,Conan Album (NO) #07,confirmed,Album-07,Album (NO),4,Manuell registrering,Albumserie (1992–2012) – år ikke spesifisert,false,false
,Conan Album (NO) #08,confirmed,Album-08,Album (NO),4,Manuell registrering,Albumserie (1992–2012) – år ikke spesifisert,false,false
,Conan Album (NO) #09,confirmed,Album-09,Album (NO),4,Manuell registrering,Albumserie (1992–2012) – år ikke spesifisert,false,false
,Conan Album (NO) #10,confirmed,Album-10,Album (NO),4,Manuell registrering,Albumserie (1992–2012) – år ikke spesifisert,false,false
,Conan Album (NO) #11,confirmed,Album-11,Album (NO),4,Manuell registrering,Albumserie (1992–2012) – år ikke spesifisert,false,false
,Conan Album (NO) #12,confirmed,Album-12,Album (NO),4,Manuell registrering,Albumserie (1992–2012) – år ikke spesifisert,false,false
,Conan Album (NO) #13,confirmed,Album-13,Album (NO),4,Manuell registrering,Albumserie (1992–2012) – år ikke spesifisert,false,false
,Conan Album (NO) #14,confirmed,Album-14,Album (NO),4,Manuell registrering,Albumserie (1992–2012) – år ikke spesifisert,false,false
,Conan Album (NO) #15,confirmed,Album-15,Album (NO),4,Manuell registrering,Albumserie (1992–2012) – år ikke spesifisert,false,false
,Conan Album (NO) #16,confirmed,Album-16,Album (NO),4,Manuell registrering,Albumserie (1992–2012) – år ikke spesifisert,false,false
,Conan Album (NO) #17,confirmed,Album-17,Album (NO),4,Manuell registrering,Albumserie (1992–2012) – år ikke spesifisert,false,false
,Conan Album (NO) #18,confirmed,Album-18,Album (NO),4,Manuell registrering,Albumserie (1992–2012) – år ikke spesifisert,false,false
,Conan Album (NO) #19,confirmed,Album-19,Album (NO),4,Manuell registrering,Albumserie (1992–2012) – år ikke spesifisert,false,false
,Conan Album (NO) #20,confirmed,Album-20,Album (NO),4,Manuell registrering,Albumserie (1992–2012) – år ikke spesifisert,false,false
,Conan Album (NO) #21,confirmed,Album-21,Album (NO),4,Manuell registrering,Albumserie (1992–2012) – år ikke spesifisert,false,false
,Conan Album (NO) #22,confirmed,Album-22,Album (NO),4,Manuell registrering,Albumserie (1992–2012) – år ikke spesifisert,false,false
,Conan Album (NO) #23,confirmed,Album-23,Album (NO),4,Manuell registrering,Albumserie (1992–2012) – år ikke spesifisert,false,false
,Conan Album (NO) #24,confirmed,Album-24,Album (NO),4,Manuell registrering,Albumserie (1992–2012) – år ikke spesifisert,false,false
,Conan Album (NO) #25,confirmed,Album-25,Album (NO),4,Manuell registrering,Albumserie (1992–2012) – år ikke spesifisert,false,false
,Conan Album (NO) #26,confirmed,Album-26,Album (NO),4,Manuell registrering,Albumserie (1992–2012) – år ikke spesifisert,false,false
,Conan Album (NO) #27,confirmed,Album-27,Album (NO),4,Manuell registrering,Albumserie (1992–2012) – år ikke spesifisert,false,false
,Conan Album (NO) #28,confirmed,Album-28,Album (NO),4,Manuell registrering,Albumserie (1992–2012) – år ikke spesifisert,false,false
,Conan Album (NO) #29,confirmed,Album-29,Album (NO),4,Manuell registrering,Albumserie (1992–2012) – år ikke spesifisert,false,false
,Conan Album (NO) #30,confirmed,Album-30,Album (NO),4,Manuell registrering,Albumserie (1992–2012) – år ikke spesifisert,false,false
,Conan Album (NO) #31,confirmed,Album-31,Album (NO),4,Manuell registrering,Albumserie (1992–2012) – år ikke spesifisert,false,false
,Conan Album (NO) #32,confirmed,Album-32,Album (NO),4,Manuell registrering,Albumserie (1992–2012) – år ikke spesifisert,false,false
,Conan Album (NO) #33,confirmed,Album-33,Album (NO),4,Manuell registrering,Albumserie (1992–2012) – år ikke spesifisert,false,false
,Conan Album (NO) #34,confirmed,Album-34,Album (NO),4,Manuell registrering,Albumserie (1992–2012) – år ikke spesifisert,false,false
,Conan Album (NO) #35,confirmed,Album-35,Album (NO),4,Manuell registrering,Albumserie (1992–2012) – år ikke spesifisert,false,false
,Conan Album (NO) #36,confirmed,Album-36,Album (NO),4,Manuell registrering,Albumserie (1992–2012) – år ikke spesifisert,false,false
,Conan Album (NO) #37,confirmed,Album-37,Album (NO),4,Manuell registrering,Albumserie (1992–2012) – år ikke spesifisert,false,false
,Conan Album (NO) #38,confirmed,Album-38,Album (NO),4,Manuell registrering,Albumserie (1992–2012) – år ikke spesifisert,false,false
,Conan Album (NO) #39,confirmed,Album-39,Album (NO),4,Manuell registrering,Albumserie (1992–2012) – år ikke spesifisert,false,false
,Conan Album (NO) #40,confirmed,Album-40,Album (NO),4,Manuell registrering,Albumserie (1992–2012) – år ikke spesifisert,false,false
,Conan Album (NO) #41,confirmed,Album-41,Album (NO),4,Manuell registrering,Albumserie (1992–2012) – år ikke spesifisert,false,false
,Conan Album (NO) #42,confirmed,Album-42,Album (NO),4,Manuell registrering,Albumserie (1992–2012) – år ikke spesifisert,false,false
,Conan Album (NO) #43,confirmed,Album-43,Album (NO),4,Manuell registrering,Albumserie (1992–2012) – år ikke spesifisert,false,false
,Conan Album (NO) #44,confirmed,Album-44,Album (NO),4,Manuell registrering,Albumserie (1992–2012) – år ikke spesifisert,false,false
,Conan Album (NO) #45,confirmed,Album-45,Album (NO),4,Manuell registrering,Albumserie (1992–2012) – år ikke spesifisert,false,false
,Conan Album (NO) #46,confirmed,Album-46,Album (NO),4,Manuell registrering,Albumserie (1992–2012) – år ikke spesifisert,false,false
,Conan Album (NO) #47,confirmed,Album-47,Album (NO),4,Manuell registrering,Albumserie (1992–2012) – år ikke spesifisert,false,false
,Conan Album (NO) #48,confirmed,Album-48,Album (NO),4,Manuell registrering,Albumserie (1992–2012) – år ikke spesifisert,false,false
,Conan Album (NO) #49,confirmed,Album-49,Album (NO),4,Manuell registrering,Albumserie (1992–2012) – år ikke spesifisert,false,false
,Conan Album (NO) #50,confirmed,Album-50,Album (NO),4,Manuell registrering,Albumserie (1992–2012) – år ikke spesifisert,false,false
,Conan Album (NO) #51,confirmed,Album-51,Album (NO),4,Manuell registrering,Albumserie (1992–2012) – år ikke spesifisert,false,false
,Conan Album (NO) #52,confirmed,Album-52,Album (NO),4,Manuell registrering,Albumserie (1992–2012) – år ikke spesifisert,false,false
,Conan Album (NO) #53,confirmed,Album-53,Album (NO),4,Manuell registrering,Albumserie (1992–2012) – år ikke spesifisert,false,false
,Conan Album (NO) #54,confirmed,Album-54,Album (NO),4,Manuell registrering,Albumserie (1992–2012) – år ikke spesifisert,false,false
,Conan Album (NO) #55,confirmed,Album-55,Album (NO),4,Manuell registrering,Albumserie (1992–2012) – år ikke spesifisert,false,false
,Conan Album (NO) #56,confirmed,Album-56,Album (NO),4,Manuell registrering,Albumserie (1992–2012) – år ikke spesifisert,false,false
,Conan Album (NO) #57,confirmed,Album-57,Album (NO),4,Manuell registrering,Albumserie (1992–2012) – år ikke spesifisert,false,false
,Conan Album (NO) #58,confirmed,Album-58,Album (NO),4,Manuell registrering,Albumserie (1992–2012) – år ikke spesifisert,false,false
,Conan Album (NO) #59,confirmed,Album-59,Album (NO),4,Manuell registrering,Albumserie (1992–2012) – år ikke spesifisert,false,false
,Conan Album (NO) #60,confirmed,Album-60,Album (NO),4,Manuell registrering,Albumserie (1992–2012) – år ikke spesifisert,false,false
,Conan Album (NO) #61,confirmed,Album-61,Album (NO),4,Manuell registrering,Albumserie (1992–2012) – år ikke spesifisert,false,false
,Conan Album (NO) #62,confirmed,Album-62,Album (NO),4,Manuell registrering,Albumserie (1992–2012) – år ikke spesifisert,false,false
,Conan Album (NO) #63,confirmed,Album-63,Album (NO),4,Manuell registrering,Albumserie (1992–2012) – år ikke spesifisert,false,false
,Conan Album (NO) #64,confirmed,Album-64,Album (NO),4,Manuell registrering,Albumserie (1992–2012) – år ikke spesifisert,false,false




